name,thumbnailUrl,rarity,team,position,pp,lp,diff,diff_p,sale,link
Alexandr Romanov,https://marketplace.draftkings.com/_assets/Staging/UFC_HeatWaveR3_Master/Thumbnails/set_summer2022_alexandr__romanov_476676_legendary_thumbnail.png,Legendary,UFC,,700.0,1150.0,450.0,"(64.29,)",1175.0,https://marketplace.draftkings.com/listings/collectibles/31e37b96b66a4a6aae1a5da635b4ad0b/editions/2
Amanda Nunes,https://marketplace.draftkings.com/_assets/Staging/UFC_HeatwaveR2_07-21-22/Thumbnails/set_summer2022_amanda_nunes_74894_elite_thumbnail.png,Elite,UFC,,150.0,235.56,85.56,"(57.04,)",,https://marketplace.draftkings.com/listings/collectibles/51e3e15871294bf8b1a252c79a99cb73/editions/38
Julianna Peña,https://marketplace.draftkings.com/_assets/collectibles/assets/76c7b017-e9b6-497c-ac37-4064cebe0728.png,Elite,UFC,,110.0,177.78,67.78,"(61.62,)",185.0,https://marketplace.draftkings.com/listings/collectibles/022610b02cdd48d18e16b91f90d056eb/editions/44
Julianna Peña,https://marketplace.draftkings.com/_assets/collectibles/assets/76c7b017-e9b6-497c-ac37-4064cebe0728.png,Elite,UFC,,111.12,177.78,66.66,"(59.99,)",,https://marketplace.draftkings.com/listings/collectibles/022610b02cdd48d18e16b91f90d056eb/editions/45
Francis Ngannou,https://marketplace.draftkings.com/_assets/Staging/UFC_HeatWaveR3_Master/Thumbnails/set_summer2022_francis__ngannou_202665_elite_thumbnail.png,Elite,UFC,,134.98,190.0,55.02,"(40.76,)",,https://marketplace.draftkings.com/listings/collectibles/2bb32fb4fab14b6e946c882c89ba1ad9/editions/24
Brandon Moreno,https://marketplace.draftkings.com/_assets/Staging/UFC_HeatwaveR2_07-21-22/Thumbnails/set_summer2022_brandon_moreno_74900_elite_thumbnail.png,Elite,UFC,,184.0,238.0,54.0,"(29.35,)",,https://marketplace.draftkings.com/listings/collectibles/298ef6ace81045a592410d25b4d6dcba/editions/30
Aljamain Sterling,https://marketplace.draftkings.com/_assets/Staging/UFC_HeatwaveR2_07-21-22/Thumbnails/set_summer2022_aljamain_sterling_202412_elite_thumbnail.png,Elite,UFC,,159.0,211.12,52.12,"(32.78,)",,https://marketplace.draftkings.com/listings/collectibles/b144dbf94a9640c98c5371f0c6382639/editions/48
Colby Covington,https://marketplace.draftkings.com/_assets/Staging/UFC_HeatWaveR3_Master/Thumbnails/set_summer2022_colby__covington_81455_elite_thumbnail.png,Elite,UFC,,150.0,199.0,49.0,"(32.67,)",,https://marketplace.draftkings.com/listings/collectibles/3fdf70be513c44428bff6912966e04c7/editions/49
Dustin Poirier,https://marketplace.draftkings.com/_assets/collectibles/assets/6e9da52d-de66-441c-8b83-a88d1c7425fd.png,Rare,UFC,,0,41.68,41.68,"(None,)",,https://marketplace.draftkings.com/listings/collectibles/c7c4f5de21b14dee885fd823704784d6/editions/63
Sergei Pavlovich,https://marketplace.draftkings.com/_assets/Staging/UFC_HeatwaveR2_07-21-22/Thumbnails/set_summer2022_sergei_pavlovich_74806_elite_thumbnail.png,Elite,UFC,,120.0,157.0,37.0,"(30.83,)",,https://marketplace.draftkings.com/listings/collectibles/8452923c19d248599a724ff9da317ac8/editions/33
Colby Covington,https://marketplace.draftkings.com/_assets/Staging/UFC_HeatWaveR3_Master/Thumbnails/set_summer2022_colby__covington_81455_elite_thumbnail.png,Elite,UFC,,162.0,199.0,37.0,"(22.84,)",,https://marketplace.draftkings.com/listings/collectibles/3fdf70be513c44428bff6912966e04c7/editions/28
Paddy Pimblett,https://marketplace.draftkings.com/_assets/Staging/UFC_HeatWaveR3_Master/Thumbnails/set_summer2022_paddy__pimblett_595158_elite_thumbnail.png,Elite,UFC,,175.0,210.0,35.0,"(20.0,)",,https://marketplace.draftkings.com/listings/collectibles/25cb549326cb44949b15d53248fc6d6d/editions/29
Dustin Poirier,https://marketplace.draftkings.com/_assets/Staging/UFC_HeatwaveR2_07-21-22/Thumbnails/set_summer2022_dustin_poirier_201880_elite_thumbnail.png,Elite,UFC,,149.0,180.0,31.0,"(20.81,)",,https://marketplace.draftkings.com/listings/collectibles/b7ffd7a924da4d638e3b8180ae2ec078/editions/36
Merab Dvalishvili,https://marketplace.draftkings.com/_assets/Staging/UFC_HeatWaveR3_Master/Thumbnails/set_summer2022_merab_dvalishvili_202891_elite_thumbnail.png,Elite,UFC,,169.0,199.0,30.0,"(17.75,)",,https://marketplace.draftkings.com/listings/collectibles/25900b8cb8374746b840ade35d430b45/editions/48
Leon Edwards,https://marketplace.draftkings.com/_assets/Staging/UFC_HeatWaveR3_Master/Thumbnails/set_summer2022_leon_edwards_202552_elite_thumbnail.png,Elite,UFC,,150.0,180.0,30.0,"(20.0,)",,https://marketplace.draftkings.com/listings/collectibles/173f9622baf94922867b1d491c6c8c38/editions/24
Drakkar Klose,https://marketplace.draftkings.com/_assets/Staging/UFC_HeatwaveR2_07-21-22/Thumbnails/set_summer2022_drakkar_klose_202782_elite_thumbnail.png,Elite,UFC,,85.0,114.0,29.0,"(34.12,)",,https://marketplace.draftkings.com/listings/collectibles/0df7ca9b1cb84d96b8ae2ab56ba24959/editions/16
Marcin Tybura,https://marketplace.draftkings.com/_assets/Staging/UFC_HeatWaveR3_Master/Thumbnails/set_summer2022_marcin__tybura_202699_elite_thumbnail.png,Elite,UFC,,110.0,139.0,29.0,"(26.36,)",139.0,https://marketplace.draftkings.com/listings/collectibles/737107dc901f48bd9698b43d6b8725e7/editions/41
Marcin Tybura,https://marketplace.draftkings.com/_assets/Staging/UFC_HeatWaveR3_Master/Thumbnails/set_summer2022_marcin__tybura_202699_elite_thumbnail.png,Elite,UFC,,111.12,139.0,27.88,"(25.09,)",,https://marketplace.draftkings.com/listings/collectibles/737107dc901f48bd9698b43d6b8725e7/editions/27
Anthony Smith,https://marketplace.draftkings.com/_assets/Staging/UFC_HeatwaveR2_07-21-22/Thumbnails/set_summer2022_anthony_smith_202099_elite_thumbnail.png,Elite,UFC,,99.0,120.0,21.0,"(21.21,)",,https://marketplace.draftkings.com/listings/collectibles/79260cd6d9fc48eabb3c398acb7d6c22/editions/11
Rose Namajunas,https://marketplace.draftkings.com/_assets/Staging/UFC_HeatwaveR2_07-21-22/Thumbnails/set_summer2022_rose_namajunas_202566_elite_thumbnail.png,Elite,UFC,,115.0,135.51,20.51,"(17.83,)",,https://marketplace.draftkings.com/listings/collectibles/d37eca77a2544a0dbcb8264b3ef45152/editions/28
Dustin Poirier,https://marketplace.draftkings.com/_assets/Staging/UFC_HeatwaveR2_07-21-22/Thumbnails/set_summer2022_dustin_poirier_201880_elite_thumbnail.png,Elite,UFC,,160.0,180.0,20.0,"(12.5,)",210.0,https://marketplace.draftkings.com/listings/collectibles/b7ffd7a924da4d638e3b8180ae2ec078/editions/6
Sean O'Malley,https://marketplace.draftkings.com/_assets/collectibles/assets/422fb0b2-f5fb-4aed-9ba5-6f2c7727c402.png,Rare,UFC,,30.0,46.99,16.99,"(56.63,)",,https://marketplace.draftkings.com/listings/collectibles/1bccdad689da46a682e750b3e8388d90/editions/182
Kai-Kara France,https://marketplace.draftkings.com/_assets/Staging/UFC_HeatwaveR2_07-21-22/Thumbnails/set_summer2022_kai-kara_france_74901_rare_thumbnail.png,Rare,UFC,,24.99,39.99,15.0,"(60.02,)",,https://marketplace.draftkings.com/listings/collectibles/13461a5e3b7e41db8c413fc9303e4321/editions/171
Drakkar Klose,https://marketplace.draftkings.com/_assets/Staging/UFC_HeatwaveR2_07-21-22/Thumbnails/set_summer2022_drakkar_klose_202782_elite_thumbnail.png,Elite,UFC,,100.0,114.0,14.0,"(14.0,)",155.0,https://marketplace.draftkings.com/listings/collectibles/0df7ca9b1cb84d96b8ae2ab56ba24959/editions/4
Marcin Tybura,https://marketplace.draftkings.com/_assets/Staging/UFC_HeatWaveR3_Master/Thumbnails/set_summer2022_marcin__tybura_202699_elite_thumbnail.png,Elite,UFC,,125.0,139.0,14.0,"(11.2,)",,https://marketplace.draftkings.com/listings/collectibles/737107dc901f48bd9698b43d6b8725e7/editions/17
Sean O'Malley,https://marketplace.draftkings.com/_assets/collectibles/assets/422fb0b2-f5fb-4aed-9ba5-6f2c7727c402.png,Rare,UFC,,33.0,46.99,13.99,"(42.39,)",,https://marketplace.draftkings.com/listings/collectibles/1bccdad689da46a682e750b3e8388d90/editions/111
TJ Dillashaw,https://marketplace.draftkings.com/_assets/Staging/UFC_HeatWaveR3_Master/Thumbnails/set_summer2022_tj_dillashaw_202161_elite_thumbnail.png,Elite,UFC,,82.5,96.0,13.5,"(16.36,)",,https://marketplace.draftkings.com/listings/collectibles/ba43f1f29f4944a3aa5603cc06479a26/editions/24
TJ Dillashaw,https://marketplace.draftkings.com/_assets/Staging/UFC_HeatWaveR3_Master/Thumbnails/set_summer2022_tj_dillashaw_202161_elite_thumbnail.png,Elite,UFC,,84.98,96.0,11.02,"(12.97,)",,https://marketplace.draftkings.com/listings/collectibles/ba43f1f29f4944a3aa5603cc06479a26/editions/45
Alexandr Romanov,https://marketplace.draftkings.com/_assets/Staging/UFC_HeatWaveR3_Master/Thumbnails/set_summer2022_alexandr__romanov_476676_rare_thumbnail.png,Rare,UFC,,24.0,34.99,10.99,"(45.79,)",,https://marketplace.draftkings.com/listings/collectibles/a715e48d4426439dbfcb6ef7c450a9c1/editions/159
Alexandr Romanov,https://marketplace.draftkings.com/_assets/Staging/UFC_HeatWaveR3_Master/Thumbnails/set_summer2022_alexandr__romanov_476676_rare_thumbnail.png,Rare,UFC,,24.25,34.99,10.74,"(44.29,)",,https://marketplace.draftkings.com/listings/collectibles/a715e48d4426439dbfcb6ef7c450a9c1/editions/99
Leon Edwards,https://marketplace.draftkings.com/_assets/Staging/UFC_HeatWaveR3_Master/Thumbnails/set_summer2022_leon_edwards_202552_elite_thumbnail.png,Elite,UFC,,169.69,180.0,10.31,"(6.08,)",180.0,https://marketplace.draftkings.com/listings/collectibles/173f9622baf94922867b1d491c6c8c38/editions/45
Alexandr Romanov,https://marketplace.draftkings.com/_assets/Staging/UFC_HeatWaveR3_Master/Thumbnails/set_summer2022_alexandr__romanov_476676_rare_thumbnail.png,Rare,UFC,,24.99,34.99,10.0,"(40.02,)",,https://marketplace.draftkings.com/listings/collectibles/a715e48d4426439dbfcb6ef7c450a9c1/editions/22
Alexandr Romanov,https://marketplace.draftkings.com/_assets/Staging/UFC_HeatWaveR3_Master/Thumbnails/set_summer2022_alexandr__romanov_476676_rare_thumbnail.png,Rare,UFC,,25.0,34.99,9.99,"(39.96,)",,https://marketplace.draftkings.com/listings/collectibles/a715e48d4426439dbfcb6ef7c450a9c1/editions/74
Tua Tagovailoa,https://marketplace.draftkings.com/_assets/collectibles/assets/3742381f-699f-4559-a2d0-a99538772067.png,Core,MIA,QB,7.0,16.99,9.99,"(142.71,)",,https://marketplace.draftkings.com/listings/collectibles/3dc94275ad824ac695830c47d78d94c7/editions/1337
Tai Tuivasa,https://marketplace.draftkings.com/_assets/Staging/UFC_HeatWaveR3_Master/Thumbnails/set_summer2022_tai__tuivasa_202886_rare_thumbnail.png,Rare,UFC,,24.5,34.0,9.5,"(38.78,)",34.0,https://marketplace.draftkings.com/listings/collectibles/5ae4850c95924ccb8357e19d1ead68de/editions/129
Charles Oliveira,https://marketplace.draftkings.com/_assets/collectibles/assets/c31f31af-4a00-4290-9474-b2842718a961.png,Elite,UFC,,159.98,169.0,9.02,"(5.64,)",,https://marketplace.draftkings.com/listings/collectibles/a3ce2ead39dc425e8e2bb2f96072e3be/editions/33
Amanda Nunes,https://marketplace.draftkings.com/_assets/Staging/UFC_HeatwaveR2_07-21-22/Thumbnails/set_summer2022_amanda_nunes_74894_rare_thumbnail.png,Rare,UFC,,30.0,39.0,9.0,"(30.0,)",,https://marketplace.draftkings.com/listings/collectibles/0a1f0bbe29e348b796b2e705a2f215f4/editions/176
Colby Covington,https://marketplace.draftkings.com/_assets/Staging/UFC_HeatWaveR3_Master/Thumbnails/set_summer2022_colby__covington_81455_rare_thumbnail.png,Rare,UFC,,25.0,32.5,7.5,"(30.0,)",,https://marketplace.draftkings.com/listings/collectibles/3eadfba5f26b4df9adfb06cf8158202e/editions/123
Colby Covington,https://marketplace.draftkings.com/_assets/Staging/UFC_HeatWaveR3_Master/Thumbnails/set_summer2022_colby__covington_81455_rare_thumbnail.png,Rare,UFC,,25.0,32.5,7.5,"(30.0,)",,https://marketplace.draftkings.com/listings/collectibles/3eadfba5f26b4df9adfb06cf8158202e/editions/162
Max Holloway,https://marketplace.draftkings.com/_assets/collectibles/assets/9e931672-8a11-41aa-ad86-749e6eb51d68.png,Rare,UFC,,28.0,35.0,7.0,"(25.0,)",,https://marketplace.draftkings.com/listings/collectibles/6f95a5a4fdf548a29040223eb3a986fb/editions/162
Rose Namajunas,https://marketplace.draftkings.com/_assets/Staging/UFC_HeatwaveR2_07-21-22/Thumbnails/set_summer2022_rose_namajunas_202566_rare_thumbnail.png,Rare,UFC,,23.0,30.0,7.0,"(30.43,)",,https://marketplace.draftkings.com/listings/collectibles/6f8234683f0348a29e0f49b4df04887e/editions/197
Glover Teixeira,https://marketplace.draftkings.com/_assets/Staging/UFC_HeatWaveR3_Master/Thumbnails/set_summer2022_glover__teixeira_202220_rare_thumbnail.png,Rare,UFC,,22.24,29.0,6.76,"(30.4,)",,https://marketplace.draftkings.com/listings/collectibles/cf21edee1277428a80da2f17e91aef7f/editions/115
Renato Carneiro,https://marketplace.draftkings.com/_assets/collectibles/assets/a237dbbe-93c4-4629-a33e-a463c4d22203.png,Core,UFC,,0,6.5,6.5,"(None,)",,https://marketplace.draftkings.com/listings/collectibles/13bf044d570940798265d56c3c1f038a/editions/101
Jon Jones,https://marketplace.draftkings.com/_assets/collectibles/assets/6ed55696-7a74-4b0f-a5ae-f66213b880c3.png,Rare,UFC,,28.0,34.46,6.46,"(23.07,)",,https://marketplace.draftkings.com/listings/collectibles/15307c83111f43169f4af3a69ac5833c/editions/198
Montel Jackson,https://marketplace.draftkings.com/_assets/collectibles/assets/7130b788-b61a-4c33-8798-8dc605fa330f.png,Rare,UFC,,18.0,24.46,6.46,"(35.89,)",,https://marketplace.draftkings.com/listings/collectibles/b4d379390a474f5a87e3b761c3db304c/editions/3
Paulo Costa,https://marketplace.draftkings.com/_assets/Staging/UFC_HeatWaveR3_Master/Thumbnails/set_summer2022_paulo__costa_202796_rare_thumbnail.png,Rare,UFC,,23.8,30.0,6.2,"(26.05,)",,https://marketplace.draftkings.com/listings/collectibles/54ab873d5e064707b7d8261f44b980f5/editions/185
Rose Namajunas,https://marketplace.draftkings.com/_assets/Staging/UFC_HeatwaveR2_07-21-22/Thumbnails/set_summer2022_rose_namajunas_202566_rare_thumbnail.png,Rare,UFC,,24.0,30.0,6.0,"(25.0,)",,https://marketplace.draftkings.com/listings/collectibles/6f8234683f0348a29e0f49b4df04887e/editions/164
Carlos Ulberg,https://marketplace.draftkings.com/_assets/collectibles/assets/279d9f56-5457-4ea7-8dd1-13dff5936882.png,Rare,UFC,,23.99,29.99,6.0,"(25.01,)",,https://marketplace.draftkings.com/listings/collectibles/d13e107e3cd54c0cb67cab4460238588/editions/4
Zhang Weili,https://marketplace.draftkings.com/_assets/collectibles/assets/05cbc32f-7ae5-4b99-9375-eb720d855127.png,Rare,UFC,,50.0,55.56,5.56,"(11.12,)",,https://marketplace.draftkings.com/listings/collectibles/a8c43d2ea2924b9d81aa53a646763e62/editions/184
Alex Pereira,https://marketplace.draftkings.com/_assets/collectibles/assets/dad2a7e5-e2b2-4607-9987-eff3601f5e4c.png,Elite,UFC,,175.0,180.0,5.0,"(2.86,)",,https://marketplace.draftkings.com/listings/collectibles/61ca8d1df51d4a9aa60065f3af218818/editions/50
Kamaru Usman,https://marketplace.draftkings.com/_assets/collectibles/assets/6811dfac-7996-426b-ac83-fe31aea21e5c.png,Rare,UFC,,35.0,39.99,4.99,"(14.26,)",,https://marketplace.draftkings.com/listings/collectibles/402c66f77e5a4b69955d3745a7f7b0ee/editions/196
Valentina Shevchenko,https://marketplace.draftkings.com/_assets/Staging/UFC_HeatWaveR3_Master/Thumbnails/set_summer2022_valentina__shevchenko_202686_rare_thumbnail.png,Rare,UFC,,33.0,37.5,4.5,"(13.64,)",,https://marketplace.draftkings.com/listings/collectibles/489bc9d9c2394e969b7c3a82039bd2fa/editions/186
Israel Adesanya,https://marketplace.draftkings.com/_assets/collectibles/assets/be5ec55c-1be2-462e-aba8-0b78b277dea9.png,Core,UFC,,5.99,10.0,4.01,"(66.94,)",,https://marketplace.draftkings.com/listings/collectibles/461fb9b220084e8cb07a4e8d1c0f68ae/editions/123
Renato Carneiro,https://marketplace.draftkings.com/_assets/collectibles/assets/a237dbbe-93c4-4629-a33e-a463c4d22203.png,Core,UFC,,2.99,6.5,3.51,"(117.39,)",,https://marketplace.draftkings.com/listings/collectibles/13bf044d570940798265d56c3c1f038a/editions/183
Leon Edwards,https://marketplace.draftkings.com/_assets/Staging/UFC_HeatWaveR3_Master/Thumbnails/set_summer2022_leon_edwards_202552_rare_thumbnail.png,Rare,UFC,,29.0,32.5,3.5,"(12.07,)",,https://marketplace.draftkings.com/listings/collectibles/18d14ea290aa45279f517b4375257d07/editions/71
Nicolae Negumereanu,https://marketplace.draftkings.com/_assets/collectibles/assets/64a8acd2-763e-4f01-81dc-55ff9f53b233.png,Core,UFC,,0,3.5,3.5,"(None,)",,https://marketplace.draftkings.com/listings/collectibles/341e0238a76b4402a0df3033e3c2dae0/editions/173
Nicolae Negumereanu,https://marketplace.draftkings.com/_assets/collectibles/assets/64a8acd2-763e-4f01-81dc-55ff9f53b233.png,Core,UFC,,0,3.5,3.5,"(None,)",,https://marketplace.draftkings.com/listings/collectibles/341e0238a76b4402a0df3033e3c2dae0/editions/57
Jon Jones,https://marketplace.draftkings.com/_assets/collectibles/assets/6ed55696-7a74-4b0f-a5ae-f66213b880c3.png,Rare,UFC,,31.0,34.46,3.46,"(11.16,)",,https://marketplace.draftkings.com/listings/collectibles/15307c83111f43169f4af3a69ac5833c/editions/158
Brandon Moreno,https://marketplace.draftkings.com/_assets/Staging/UFC_HeatwaveR2_07-21-22/Thumbnails/set_summer2022_brandon_moreno_74900_rare_thumbnail.png,Rare,UFC,,39.0,42.24,3.24,"(8.31,)",,https://marketplace.draftkings.com/listings/collectibles/eceed8e30d21461d9195aba380e35570/editions/190
Matt Frevola,https://marketplace.draftkings.com/_assets/collectibles/assets/fd4db285-c57b-4bbc-b2b7-2e45f7a8c156.png,Core,UFC,,1.99,5.0,3.01,"(151.26,)",,https://marketplace.draftkings.com/listings/collectibles/2fb2463647a042acb283c1c5f4683124/editions/294
Colby Covington,https://marketplace.draftkings.com/_assets/Staging/UFC_HeatWaveR3_Master/Thumbnails/set_summer2022_colby__covington_81455_rare_thumbnail.png,Rare,UFC,,30.0,32.5,2.5,"(8.33,)",,https://marketplace.draftkings.com/listings/collectibles/3eadfba5f26b4df9adfb06cf8158202e/editions/169
Leon Edwards,https://marketplace.draftkings.com/_assets/Staging/UFC_HeatWaveR3_Master/Thumbnails/set_summer2022_leon_edwards_202552_rare_thumbnail.png,Rare,UFC,,30.0,32.5,2.5,"(8.33,)",,https://marketplace.draftkings.com/listings/collectibles/18d14ea290aa45279f517b4375257d07/editions/83
Karolina Kowalkiewicz,https://marketplace.draftkings.com/_assets/collectibles/assets/ac2410a2-f651-4cd0-8d4b-e9e9628b7f37.png,Core,UFC,,1.99,3.91,1.92,"(96.48,)",,https://marketplace.draftkings.com/listings/collectibles/9698be64a2404418b5db3d2dc3b9cd34/editions/213
Carlos Ulberg,https://marketplace.draftkings.com/_assets/collectibles/assets/72f1f6ce-c068-4547-92a2-565b8411b185.png,Core,UFC,,5.0,6.5,1.5,"(30.0,)",,https://marketplace.draftkings.com/listings/collectibles/c3f9f83e930e45c98a580af2dc110995/editions/98
Carla Esparza,https://marketplace.draftkings.com/_assets/collectibles/assets/4c72cfb0-3e17-4e43-80ec-467f816650a8.png,Core,UFC,,2.99,4.35,1.36,"(45.48,)",,https://marketplace.draftkings.com/listings/collectibles/69e66ca959424d438281fee52cd09da3/editions/255
Marcin Tybura,https://marketplace.draftkings.com/_assets/Staging/UFC_HeatWaveR3_Master/Thumbnails/set_summer2022_marcin__tybura_202699_rare_thumbnail.png,Rare,UFC,,22.0,23.33,1.33,"(6.05,)",,https://marketplace.draftkings.com/listings/collectibles/a28708a180c940228dc2486d8ac94bdb/editions/101
Kenny Golladay,https://marketplace.draftkings.com/_assets/Staging/2022-08-14_Prize_Master/Thumbnails/set_prizev12022_kenny_golladay_19245_core_thumbnail.png,Core,NYG,WR,0,1.0,1.0,"(None,)",1.0,https://marketplace.draftkings.com/listings/collectibles/b71020205eb54cea952a168cc155a85d/editions/190
James Washington,https://marketplace.draftkings.com/_assets/Staging/2022-08-14_Prize_Master/Thumbnails/set_prizev12022_james_washington_18920_core_thumbnail.png,Core,DAL,WR,0,1.0,1.0,"(None,)",1.0,https://marketplace.draftkings.com/listings/collectibles/28f6ccbe6c7e48598d4020f6a49d40f7/editions/447
Mike Davis,https://marketplace.draftkings.com/_assets/Staging/2022-08-14_Prize_Master/Thumbnails/set_prizev12022_mike_davis_12522_core_thumbnail.png,Core,BAL,RB,0,1.0,1.0,"(None,)",1.0,https://marketplace.draftkings.com/listings/collectibles/1a7dd2ad43404806b6a78ecf65b0a43e/editions/515
Brycen Hopkins,https://marketplace.draftkings.com/_assets/Staging/2022-08-14_Prize_Master/Thumbnails/set_prizev12022_brycen_hopkins_485565_core_thumbnail.png,Core,LAR,TE,0,1.0,1.0,"(None,)",1.0,https://marketplace.draftkings.com/listings/collectibles/b29d0ae99e7e45c09483df6acb4abb4d/editions/45
Adam Trautman,https://marketplace.draftkings.com/_assets/Staging/2022-08-14_Prize_Master/Thumbnails/set_prizev12022_adam_trautman_485535_core_thumbnail.png,Core,NO,TE,0,1.0,1.0,"(None,)",1.0,https://marketplace.draftkings.com/listings/collectibles/4a10655136fb4d13bf7d68d7d9e74dd6/editions/461
KeeSean Johnson,https://marketplace.draftkings.com/_assets/Staging/2022-08-14_Elevate_Master/Thumbnails/set_Elevate2022_keesean_johnson_17836_sf_core_thumbnail.png,Core,BUF,WR,0,1.0,1.0,"(None,)",1.0,https://marketplace.draftkings.com/listings/collectibles/ec241dad6a4a42cfa0d10c39e856a508/editions/147
Jeremy Ruckert,https://marketplace.draftkings.com/_assets/Staging/2022-08-14_Elevate_Master/Thumbnails/set_Elevate2022_jeremy_ruckert_640927_nyj_core_thumbnail.png,Core,NYJ,TE,0,1.0,1.0,"(None,)",1.0,https://marketplace.draftkings.com/listings/collectibles/9f00b146578c43a4944840ad0cc7ad5c/editions/1158
James Washington,https://marketplace.draftkings.com/_assets/Staging/2022-08-14_Prize_Master/Thumbnails/set_prizev12022_james_washington_18920_core_thumbnail.png,Core,DAL,WR,0,1.0,1.0,"(None,)",1.0,https://marketplace.draftkings.com/listings/collectibles/28f6ccbe6c7e48598d4020f6a49d40f7/editions/415
Amanda Nunes,https://marketplace.draftkings.com/_assets/Staging/UFC_HeatwaveR2_07-21-22/Thumbnails/set_summer2022_amanda_nunes_74894_rare_thumbnail.png,Rare,UFC,,38.5,39.0,0.5,"(1.3,)",44.5,https://marketplace.draftkings.com/listings/collectibles/0a1f0bbe29e348b796b2e705a2f215f4/editions/193
Chuba Hubbard,https://marketplace.draftkings.com/_assets/Staging/2022-08-14_Prize_Master/Thumbnails/set_prizev12022_chuba_hubbard_560815_rare_thumbnail.png,Rare,CAR,RB,3.75,4.25,0.5,"(13.33,)",4.25,https://marketplace.draftkings.com/listings/collectibles/f6e616563b924b7ea0762d56b98ccb5a/editions/114
Donovan Peoples-Jones,https://marketplace.draftkings.com/_assets/Staging/NFL_Booster_Master/Thumbnails/set_Booster2022_donovan_peoples_jones_485611_cle_rare_thumbnail.png,Rare,CLE,WR,8.0,8.25,0.25,"(3.12,)",8.25,https://marketplace.draftkings.com/listings/collectibles/49575e55d32f4dfa9f8e9169cb9f56ca/editions/212
Javonte Williams,https://marketplace.draftkings.com/_assets/Staging/NFL_Starter_Master/Thumbnails/set_starter2022_javonte_williams_560593_den_core_thumbnail.png,Core,DEN,RB,0,0,0,"(None,)",,https://marketplace.draftkings.com/listings/collectibles/00de7c9ff3454bab9495f0ea8cc43609/editions/7719
Marvin Jones Jr.,https://marketplace.draftkings.com/_assets/Staging/NFL_Starter_Master/Thumbnails/set_starter2022_marvin_jones_jr_19306_jax_core_thumbnail.png,Core,JAX,WR,0,0,0,"(None,)",,https://marketplace.draftkings.com/listings/collectibles/02b54e0c430a4dd8bc4d41d270cf069d/editions/12831
Derek Carr,https://marketplace.draftkings.com/_assets/Staging/NFL_Starter_Master/Thumbnails/set_starter2022_derek_carr_12350_lv_core_thumbnail.png,Core,LV,QB,0,0,0,"(None,)",,https://marketplace.draftkings.com/listings/collectibles/41e901eff9014e64a80805e5623382ef/editions/22458
Tyree Jackson,https://marketplace.draftkings.com/_assets/Staging/NFL_Booster_Master/Thumbnails/set_Booster2022_tyree_jackson_11627_phi_core_thumbnail.png,Core,PHI,TE,1.0,1.0,0.0,"(0.0,)",1.0,https://marketplace.draftkings.com/listings/collectibles/6f90813907cd4c849c6684dbe36c5f3f/editions/202
Tyree Jackson,https://marketplace.draftkings.com/_assets/Staging/NFL_Booster_Master/Thumbnails/set_Booster2022_tyree_jackson_11627_phi_core_thumbnail.png,Core,PHI,TE,1.0,1.0,0.0,"(0.0,)",1.0,https://marketplace.draftkings.com/listings/collectibles/6f90813907cd4c849c6684dbe36c5f3f/editions/212
Micah Hyde,https://marketplace.draftkings.com/_assets/Staging/NFL_Starter_Master/Thumbnails/set_starter2022_micah_hyde_11605_buf_core_thumbnail.png,Core,BUF,DEF,0,0,0,"(None,)",,https://marketplace.draftkings.com/listings/collectibles/77d44a60089d4eda96ac3dea77935ed1/editions/10537
Marquez Valdes-Scantling,https://marketplace.draftkings.com/_assets/Staging/NFL_Starter_Master/Thumbnails/set_starter2022_marquez_valdes_scantling_19807_kc_core_thumbnail.png,Core,KC,WR,0,0,0,"(None,)",,https://marketplace.draftkings.com/listings/collectibles/4fdfc68dd6ad4b458af7316b9b8326c0/editions/6054
Christian Kirk,https://marketplace.draftkings.com/_assets/Staging/NFL_Starter_Master/Thumbnails/set_starter2022_christian_kirk_17873_jax_core_thumbnail.png,Core,JAX,WR,0,0,0,"(None,)",,https://marketplace.draftkings.com/listings/collectibles/2a339aae40bc493dabe9aad4fccfd612/editions/15104
Tyree Jackson,https://marketplace.draftkings.com/_assets/Staging/NFL_Booster_Master/Thumbnails/set_Booster2022_tyree_jackson_11627_phi_core_thumbnail.png,Core,PHI,TE,1.0,1.0,0.0,"(0.0,)",1.0,https://marketplace.draftkings.com/listings/collectibles/6f90813907cd4c849c6684dbe36c5f3f/editions/216
Brycen Hopkins,https://marketplace.draftkings.com/_assets/Staging/NFL_Booster_Master/Thumbnails/set_Booster2022_brycen_hopkins_485565_lar_core_thumbnail.png,Core,LAR,TE,1.0,1.0,0.0,"(0.0,)",1.0,https://marketplace.draftkings.com/listings/collectibles/5e5b12db6ab6400c8df679891a4473ed/editions/169
Cameron Brate,https://marketplace.draftkings.com/_assets/Staging/NFL_Booster_Master/Thumbnails/set_Booster2022_cameron_brate_20103_tb_core_thumbnail.png,Core,TB,TE,1.0,1.0,0.0,"(0.0,)",1.0,https://marketplace.draftkings.com/listings/collectibles/c99690ceaacf48cd9bc790c7493a6c19/editions/729
Tim Patrick,https://marketplace.draftkings.com/_assets/Staging/NFL_Booster_Master/Thumbnails/set_Booster2022_tim_patrick_18940_den_core_thumbnail.png,Core,DEN,WR,1.0,1.0,0.0,"(0.0,)",1.0,https://marketplace.draftkings.com/listings/collectibles/b21ff233003047479fea65c83bdff9d8/editions/1546
Hunter Henry,https://marketplace.draftkings.com/_assets/Staging/NFL_Booster_Master/Thumbnails/set_Booster2022_hunter_henry_19156_ne_core_thumbnail.png,Core,NE,TE,1.0,1.0,0.0,"(0.0,)",,https://marketplace.draftkings.com/listings/collectibles/9226257ba94c4f158680e21c0fb6f335/editions/1568
James Washington,https://marketplace.draftkings.com/_assets/Staging/2022-08-14_Elevate_Master/Thumbnails/set_Elevate2022_james_washington_18920_dal_core_thumbnail.png,Core,DAL,WR,1.0,1.0,0.0,"(0.0,)",1.0,https://marketplace.draftkings.com/listings/collectibles/6e527eed98714d0cac4510eda33801cf/editions/358
Giovani Bernard,https://marketplace.draftkings.com/_assets/Staging/2022-08-14_Elevate_Master/Thumbnails/set_Elevate2022_giovani_bernard_13370_tb_core_thumbnail.png,Core,TB,RB,1.0,1.0,0.0,"(0.0,)",1.0,https://marketplace.draftkings.com/listings/collectibles/eb864a7d927d4def9d80fe6f62ccc0ba/editions/752
James Washington,https://marketplace.draftkings.com/_assets/Staging/2022-08-14_Elevate_Master/Thumbnails/set_Elevate2022_james_washington_18920_dal_core_thumbnail.png,Core,DAL,WR,1.0,1.0,0.0,"(0.0,)",1.0,https://marketplace.draftkings.com/listings/collectibles/6e527eed98714d0cac4510eda33801cf/editions/372
James Washington,https://marketplace.draftkings.com/_assets/Staging/2022-08-14_Elevate_Master/Thumbnails/set_Elevate2022_james_washington_18920_dal_core_thumbnail.png,Core,DAL,WR,1.0,1.0,0.0,"(0.0,)",,https://marketplace.draftkings.com/listings/collectibles/6e527eed98714d0cac4510eda33801cf/editions/631
Matt Frevola,https://marketplace.draftkings.com/_assets/collectibles/assets/fd4db285-c57b-4bbc-b2b7-2e45f7a8c156.png,Core,UFC,,5.0,5.0,0.0,"(0.0,)",,https://marketplace.draftkings.com/listings/collectibles/2fb2463647a042acb283c1c5f4683124/editions/230
Carlos Ulberg,https://marketplace.draftkings.com/_assets/collectibles/assets/72f1f6ce-c068-4547-92a2-565b8411b185.png,Core,UFC,,6.98,6.5,-0.48,"(-6.88,)",,https://marketplace.draftkings.com/listings/collectibles/c3f9f83e930e45c98a580af2dc110995/editions/135
Greg Zuerlein,https://marketplace.draftkings.com/_assets/Staging/NFL_Booster_Master/Thumbnails/set_Booster2022_greg_zuerlein_14269_nyj_rare_thumbnail.png,Rare,NYJ,K,5.6,4.9,-0.7,"(-12.5,)",4.9,https://marketplace.draftkings.com/listings/collectibles/fa1c554f05b74815a1d0928ba3fc58bc/editions/224
Amanda Nunes,https://marketplace.draftkings.com/_assets/Staging/UFC_HeatwaveR2_07-21-22/Thumbnails/set_summer2022_amanda_nunes_74894_rare_thumbnail.png,Rare,UFC,,40.0,39.0,-1.0,"(-2.5,)",,https://marketplace.draftkings.com/listings/collectibles/0a1f0bbe29e348b796b2e705a2f215f4/editions/101
Eli Mitchell,https://marketplace.draftkings.com/_assets/Staging/NFL_Booster_Master/Thumbnails/set_Booster2022_eli_mitchell_560890_sf_core_thumbnail.png,Core,SF,RB,2.0,1.0,-1.0,"(-50.0,)",2.2,https://marketplace.draftkings.com/listings/collectibles/e22fa4b72e784a67a6735604ac8d9aa2/editions/384
Robert Whittaker,https://marketplace.draftkings.com/_assets/Staging/UFC_HeatWaveR3_Master/Thumbnails/set_summer2022_robert__whittaker_202283_elite_thumbnail.png,Elite,UFC,,200.0,199.0,-1.0,"(-0.5,)",,https://marketplace.draftkings.com/listings/collectibles/5f674829647a44f989464738304ec0db/editions/14
Breece Hall,https://marketplace.draftkings.com/_assets/Staging/2022-08-14_Elevate_Master/Thumbnails/set_Elevate2022_breece_hall_631855_nyj_core_thumbnail.png,Core,NYJ,RB,3.0,1.74,-1.26,"(-42.0,)",,https://marketplace.draftkings.com/listings/collectibles/27f47d32a2c544589108cbbdd93a15b0/editions/2239
Jonathan Taylor,https://marketplace.draftkings.com/_assets/collectibles/assets/433a2bf1-19bc-4497-9f1c-a3f580c2f95d.png,Rare,IND,RB,41.5,39.99,-1.51,"(-3.64,)",46.0,https://marketplace.draftkings.com/listings/collectibles/869d0ba1d3f54252a430c4c95f89db68/editions/392
Noah Fant,https://marketplace.draftkings.com/_assets/Staging/NFL_Booster_Master/Thumbnails/set_Booster2022_noah_fant_18618_sea_core_thumbnail.png,Core,SEA,TE,3.5,1.0,-2.5,"(-71.43,)",1.0,https://marketplace.draftkings.com/listings/collectibles/1db5bcc4744847ceb85a1b79b793fdd3/editions/625
Jerry Jeudy,https://marketplace.draftkings.com/_assets/collectibles/assets/27903ba7-0732-45b5-904a-aef9843580f8.png,Core,DEN,WR,3.99,1.15,-2.84,"(-71.18,)",,https://marketplace.draftkings.com/listings/collectibles/f0c0c99797a040dcb080927f677c7be5/editions/2270
J.K. Dobbins,https://marketplace.draftkings.com/_assets/Staging/NFL_Booster_Master/Thumbnails/set_Booster2022_jk_dobbins_476830_bal_core_thumbnail.png,Core,BAL,RB,4.49,1.12,-3.37,"(-75.06,)",,https://marketplace.draftkings.com/listings/collectibles/73e29a98dd684e8390b29e52a59f0981/editions/415
Hayden Hurst,https://marketplace.draftkings.com/_assets/Staging/NFL_Booster_Master/Thumbnails/set_Booster2022_hayden_hurst_17156_cin_rare_thumbnail.png,Rare,CIN,TE,8.99,5.47,-3.52,"(-39.15,)",8.9,https://marketplace.draftkings.com/listings/collectibles/c8f4501983be4d68812ff0e02cd26a4c/editions/267
Jamison Crowder,https://marketplace.draftkings.com/_assets/Staging/2022-08-14_Elevate_Master/Thumbnails/set_Elevate2022_jamison_crowder_19484_buf_core_thumbnail.png,Core,BUF,WR,5.0,1.0,-4.0,"(-80.0,)",,https://marketplace.draftkings.com/listings/collectibles/4e5fb9d0d2364d91aa7b674873fa870a/editions/947
Jakobi Meyers,https://marketplace.draftkings.com/_assets/collectibles/assets/ca7a200d-1416-48cc-bf07-8559a0afd8ad.png,Rare,NE,WR,22.0,17.99,-4.01,"(-18.23,)",17.99,https://marketplace.draftkings.com/listings/collectibles/19e4c5c0b21541abb258a466c10ff145/editions/357
Trey Hendrickson,https://marketplace.draftkings.com/_assets/Staging/NFL_Booster_Master/Thumbnails/set_Booster2022_trey_hendrickson_18503_cin_rare_thumbnail.png,Rare,CIN,DEF,6.2,1.9,-4.3,"(-69.35,)",8.2,https://marketplace.draftkings.com/listings/collectibles/3e787ff34766455e9d69b35369e07e3d/editions/78
Jamison Crowder,https://marketplace.draftkings.com/_assets/Staging/Genesis_master/Thumbnails/set_summer2022_jamison_crowder_19484_core_thumbnail.png,Core,BUF,WR,5.49,1.0,-4.49,"(-81.79,)",,https://marketplace.draftkings.com/listings/collectibles/570cb27916744c0e87b75afdd39805ae/editions/507
Alex Pereira,https://marketplace.draftkings.com/_assets/collectibles/assets/dad2a7e5-e2b2-4607-9987-eff3601f5e4c.png,Elite,UFC,,185.0,180.0,-5.0,"(-2.7,)",240.0,https://marketplace.draftkings.com/listings/collectibles/61ca8d1df51d4a9aa60065f3af218818/editions/6
Renato Carneiro,https://marketplace.draftkings.com/_assets/collectibles/assets/a237dbbe-93c4-4629-a33e-a463c4d22203.png,Core,UFC,,11.5,6.5,-5.0,"(-43.48,)",,https://marketplace.draftkings.com/listings/collectibles/13bf044d570940798265d56c3c1f038a/editions/231
Carla Esparza,https://marketplace.draftkings.com/_assets/Staging/UFC_HeatWaveR3_Master/Thumbnails/set_summer2022_carla__esparza_202560_rare_thumbnail.png,Rare,UFC,,31.5,25.99,-5.51,"(-17.49,)",,https://marketplace.draftkings.com/listings/collectibles/56fd04fe6e3d4098a40be081b2eb6868/editions/119
Jameis Winston,https://marketplace.draftkings.com/_assets/Staging/2022-08-14_Prize_Master/Thumbnails/set_prizev12022_jameis_winston_20214_core_thumbnail.png,Core,NO,QB,7.75,2.12,-5.63,"(-72.65,)",9.5,https://marketplace.draftkings.com/listings/collectibles/14150c2a7bc74381807e7321dacd5c4d/editions/478
Claudio Puelles,https://marketplace.draftkings.com/_assets/collectibles/assets/75c8bc49-9b74-4e8b-9a0e-91f6814cde99.png,Core,UFC,,9.98,2.5,-7.48,"(-74.95,)",,https://marketplace.draftkings.com/listings/collectibles/9791856101b540a0853735e250bddb03/editions/93
Courtland Sutton,https://marketplace.draftkings.com/_assets/collectibles/assets/16146213-7f7f-4248-bda6-72a17c84c722.png,Rare,DEN,WR,22.0,13.5,-8.5,"(-38.64,)",14.5,https://marketplace.draftkings.com/listings/collectibles/0881daabb1324a06be693c0f81796c0d/editions/563
Alex Pereira,https://marketplace.draftkings.com/_assets/collectibles/assets/dad2a7e5-e2b2-4607-9987-eff3601f5e4c.png,Elite,UFC,,189.0,180.0,-9.0,"(-4.76,)",,https://marketplace.draftkings.com/listings/collectibles/61ca8d1df51d4a9aa60065f3af218818/editions/32
Glover Teixeira,https://marketplace.draftkings.com/_assets/Staging/UFC_HeatWaveR3_Master/Thumbnails/set_summer2022_glover__teixeira_202220_rare_thumbnail.png,Rare,UFC,,42.0,29.0,-13.0,"(-30.95,)",,https://marketplace.draftkings.com/listings/collectibles/cf21edee1277428a80da2f17e91aef7f/editions/156
Rose Namajunas,https://marketplace.draftkings.com/_assets/Staging/UFC_HeatwaveR2_07-21-22/Thumbnails/set_summer2022_rose_namajunas_202566_elite_thumbnail.png,Elite,UFC,,150.0,135.51,-14.49,"(-9.66,)",,https://marketplace.draftkings.com/listings/collectibles/d37eca77a2544a0dbcb8264b3ef45152/editions/39
Joe Mixon,https://marketplace.draftkings.com/_assets/collectibles/assets/cd5465f9-d3f4-4c03-8962-5a99a3d59502.png,Rare,CIN,RB,54.0,35.0,-19.0,"(-35.19,)",,https://marketplace.draftkings.com/listings/collectibles/b019c3d083ba4ebdb37f677d26e852f5/editions/173
Andre Petroski,https://marketplace.draftkings.com/_assets/collectibles/assets/3acfb67e-ab23-448b-b593-4555ccd5941c.png,Core,UFC,,27.99,7.99,-20.0,"(-71.45,)",,https://marketplace.draftkings.com/listings/collectibles/d9c2ee2ee5e44fa0a10983fd0d289cb8/editions/178
Joe Mixon,https://marketplace.draftkings.com/_assets/Staging/NFL_Booster_Master/Thumbnails/set_Booster2022_joe_mixon_13893_cin_rare_thumbnail.png,Rare,CIN,RB,54.0,30.0,-24.0,"(-44.44,)",36.0,https://marketplace.draftkings.com/listings/collectibles/dd59fda08cc841db926b3c905fed27de/editions/254
Chase Edmonds,https://marketplace.draftkings.com/_assets/Staging/2022-08-14_Elevate_Master/Thumbnails/set_Elevate2022_chase_edmonds_17682_mia_rare_thumbnail.png,Rare,DEN,RB,32.0,2.0,-30.0,"(-93.75,)",4.0,https://marketplace.draftkings.com/listings/collectibles/1ee1e7a0ec03496facc3c63f3f417fdd/editions/171
J.K. Dobbins,https://marketplace.draftkings.com/_assets/Staging/NFL_Booster_Master/Thumbnails/set_Booster2022_jk_dobbins_476830_bal_rare_thumbnail.png,Rare,BAL,RB,39.98,6.5,-33.48,"(-83.74,)",,https://marketplace.draftkings.com/listings/collectibles/d1a88ee40b784bc486d06902429c67c5/editions/262
